Gene	Target	D01	D02	D03	D04	D05	D06	D07	D08	D09	N01	N02	N03	N04	N05	N06	N07	N08	N09	N10	N11	N12	"ENTREZ_GENE_ID"	"NCBI_NAME"	"NCBI_ACCESSION"	"GENE_FUNCTION"
PTPRCAP	PTPRCAP_383516	36	33	7	15	29	41	0	117	154	24	173	18	0	15	48	21	2	42	5	2	10	5790	protein_tyrosine_phosphatase_receptor_type_C_associated_protein	NM_005608	TCR_coexpression
KIR2DL2	KIR2DL2_27126	0	0	0	0	0	0	0	0	0	0	0	0	0	0	0	0	0	0	0	0	0	3803	killer_cell_immunoglobulin_like_receptor_two_Ig_domains_and_long_cytoplasmic_tail_2	NM_014218	NK_cell_marker
CTAG2	CTAG2_407763	0	0	0	0	0	0	0	12689	0	0	0	0	0	0	0	0	0	147	0	0	0	30848	cancer_testis_antigen_2	ENST00000369585	Tumor_antigen
CX3CR1	CX3CR1_35133	97	49	19	2443	57	91	210	288	389	313	66	816	0	48	59	760	2	11	41	31	54	1524	C-X3-C_motif_chemokine_receptor_1	NM_001337	Lymphocyte_infiltrate
CX3CR1	CX3CR1_147243	3	1	0	165	11	0	1	0	3	34	0	28	0	0	0	97	0	0	0	0	1	1524	C-X3-C_motif_chemokine_receptor_1	NM_001171172	Lymphocyte_infiltrate
CX3CR1	CX3CR1_207292	6	0	0	642	0	9	1	1	0	105	1	24	0	17	0	95	0	0	7	2	3	1524	C-X3-C_motif_chemokine_receptor_1	NM_001171171	Lymphocyte_infiltrate
FAS	FAS_473575	8942	4378	4511	7127	7149	3201	3111	8377	5264	1078	6030	5083	2949	4257	2331	4274	4990	2952	1209	2312	3869	355	Fas_cell_surface_death_receptor	NM_000043	B_cell_receptor_signaling
ARG1	ARG1_174278	12	4	0	107	7	9	0	0	0	2	0	0	0	0	0	183	3	4	0	17	0	383	arginase_1	NM_000045	Myeloid_marker
BRCA2	BRCA2_98179922	889	739	2747	164	697	929	440	9631	0	380	622	1589	163	986	2171	455	1547	1392	376	215	692	675	BRCA2_DNA_repair_associated	NM_000059	Tumor_marker
CD3G	CD3G_616717	10328	2380	1408	1590	1343	7381	2975	8899	8376	1220	1182	4214	317	4927	2427	2159	432	323	240	27	413	917	CD3g_molecule	NM_000073	TCR_coexpression
CD40LG	CD40LG_479579	964	90	52	93	2	130	119	332	348	104	30	266	0	606	156	55	25	13	0	7	55	959	CD40_ligand	NM_000074	T_cell_receptor_signaling
CDKN2A	CDKN2A_696829	107	1016	138	66	1679	1062	581	22000	53	7	1396	592	78	66	390	26	5755	10	1	1030	5430	1029	cyclin-dependent_kinase_inhibitor_2A	NM_000077	Tumor_marker
GUSB	GUSB_17671872	5546	4797	787	2806	5224	3691	6066	50278	6685	3044	6148	16798	842	6904	12831	2599	4696	3457	3888	1377	3190	2990	glucuronidase_beta	NM_000181	Housekeeping
HMBS	HMBS_796904	989	826	1929	549	2829	754	420	5813	1023	1381	9277	1122	1325	1482	3616	406	685	675	605	1086	591	3145	hydroxymethylbilane_synthase	NM_000190	Housekeeping
ICAM1	ICAM1_605711	10589	7074	7276	6952	3877	2521	4339	11563	3523	4870	15017	5164	6685	2155	12560	1269	721	786	391	683	2424	3383	intercellular_adhesion_molecule_1	NM_000201	Type_II_interferon_signaling
IL2RG	IL2RG_884988	7895	2903	665	2169	1268	3577	1341	6669	4945	2654	1903	3944	358	5096	3316	2642	770	712	310	167	535	3561	interleukin_2_receptor_subunit_gamma	NM_000206	Lymphocyte_infiltrate
ITGB2	ITGB2_15421648	10291	4246	4224	16663	2637	7426	1922	10092	6112	7393	30896	15848	3642	4931	4711	7556	580	480	1463	775	1667	3689	integrin_subunit_beta_2	NM_000211	Lymphocyte_infiltrate
LYZ	LYZ_120222	438902	64153	23344	141529	4192	69898	35692	162303	91446	129792	34849	103400	7053	83951	91788	114605	93962	3303	3699	7528	5150	4069	lysozyme	NM_000239	Innate_immune_response
CIITA	CIITA_294397	21988	8728	8914	23647	2608	9422	7572	21983	14268	6849	8983	12692	10950	11490	5755	10579	1315	1038	1580	1631	3356	4261	class_II_major_histocompatibility_complex_transactivator	NM_000246	Type_II_interferon_signaling
MPO	MPO_15121620	93	200	227	535	408	78	26	150	0	107	818	617	1534	49	38	257	43	200	21	28	110	4353	myeloperoxidase	NM_000250	Myeloid_marker
NCF1	NCF1_509617	10192	5801	1297	24202	1307	8595	1611	9779	16257	6883	5724	4052	524	4094	3861	14889	419	398	1133	1009	543	653361	neutrophil_cytosolic_factor_1	NM_000265	Chemokine_signaling
PTEN	PTEN_19732078	4261	2787	308	1688	3052	2298	4448	47404	2308	238	513	4601	291	3549	16903	1388	3545	5179	1317	277	3088	5728	phosphatase_and_tensin_homolog	NM_000314	PD-1_signaling,tumor_marker
RB1	RB1_24592560	2972	2256	637	1170	2869	5187	2106	17065	1964	976	1244	2937	483	5698	4425	1442	10979	2582	3963	950	2975	5925	RB_transcriptional_corepressor_1	NM_000321	Tumor_marker
CSF2RB	CSF2RB_11971301	9767	4050	2355	12929	2158	4616	1796	9931	8744	3853	7037	3628	1982	7444	3333	11175	607	315	623	1149	947	1439	colony_stimulating_factor_2_receptor_beta_common_subunit	NM_000395	Cytokine_signaling
CYBB	CYBB_14221529	19577	7535	2324	8695	3736	11335	5190	30213	10015	3616	6410	15513	1224	7550	9956	5160	837	621	768	839	1738	1536	cytochrome_b-245_beta_chain	NM_000397	Type_II_interferon_signaling
EGR2	EGR2_454559	3596	4030	2909	2005	2956	14497	3738	6448	1849	2140	3893	4723	933	1821	5219	3149	4029	551	1117	2060	3263	1959	early_growth_response_2	NM_000399	T_cell_differentiation
G6PD	G6PD_10841194	2349	2545	1494	3116	23168	2561	1078	80814	1536	18405	23569	9323	1543	4716	19862	5175	11105	4466	2131	2034	1214	2539	glucose-6-phosphate_dehydrogenase	NM_000402	Housekeeping
IL2RA	IL2RA_240338	4954	2057	1720	343	2108	1028	361	2649	2957	1864	5443	1518	1178	1250	1656	813	281	163	225	102	150	3559	interleukin_2_receptor_subunit_alpha	NM_000417	Cytokine_signaling
KRT5	KRT5_10631165	174	102551	0	1141	433689	31	251	74	0	209849	11119	368	6698	126	155	22911	760548	718960	910126	354136	368619	3852	keratin_5	NM_000424	Tumor_marker
NOTCH3	NOTCH3_738847	18411	10418	6587	10083	83772	6324	2113	44795	12728	16642	67845	20353	7701	19112	11147	30973	37419	12698	14059	54455	18280	4854	notch_3	NM_000435	Tumor_marker
PECAM1	PECAM1_22132	478	618	61	101	181	208	76	1045	305	73	534	490	60	261	320	156	114	118	20	29	108	5175	platelet_and_endothelial_cell_adhesion_molecule_1	NM_000442	Adhesion,migration
TWIST1	TWIST1_9291033	679	1114	89	8	3812	392	25	308	916	299	1082	1240	148	12	724	524	419	1239	66	75	1062	7291	twist_family_bHLH_transcription_factor_1	NM_000474	Tumor_marker,stemness
C1QB	C1QB_111199	39244	16947	154432	124622	20113	103545	9659	83493	13300	118276	166409	50139	95478	21605	29592	19704	3623	1538	22293	12037	4346	713	complement_component_1_q_subcomponent_B_chain	NM_000491	Innate_immune_response
FCGR1A	FCGR1A_547652	1262	1021	962	1392	607	3053	490	6904	2758	1939	1964	2763	248	821	1225	1800	86	114	411	554	468	2209,2210	Fc_fragment_of_IgG_receptor_Ia	NM_000566	B_cell_marker
FCGR3A	FCGR3A_575682	5162	5907	6126	16453	5810	13785	1868	20737	4501	13604	26209	12426	2608	3606	6033	12058	572	578	1997	1749	1173	2214	Fc_fragment_of_IgG_receptor_IIIa	NM_000569	Macrophage
FCGR3B	FCGR3B_620722	172	978	16	6929	80	783	171	1764	22	1419	369	292	53	177	3660	9031	39	131	422	625	42	2215	Fc_fragment_of_IgG_receptor_IIIb	NM_000570	NK_activation
IL10	IL10_491598	330	166	95	60	194	1945	420	1471	269	102	427	181	78	191	263	203	94	23	47	24	113	3586	interleukin_10	NM_000572	Drug_target
IL1A	IL1A_14431546	44	5323	25	161	1001	65	24	65	0	18	154	53	0	0	1572	68	458	190	1113	182	15	3552	interleukin_1_alpha	NM_000575	Cytokine_signaling
IL1B	IL1B_659766	716	9404	85	825	1592	1739	1241	1483	180	349	580	870	43	39	657	2296	447	69	796	551	521	3553	interleukin_1_beta	NM_000576	Type_II_interferon_signaling
CXCL8	CXCL8_197302	7905	8048	1222	2909	3835	12334	2377	13095	1995	2090	6492	2644	946	389	67555	6379	10864	11341	20512	5319	821	3576	C-X-C_motif_chemokine_ligand_8	NM_000584	Cytokine_signaling
IL15	IL15_49155	698	272	103	517	1670	316	82	536	254	326	1280	976	252	348	385	441	189	64	107	375	462	3600	interleukin_15	NM_000585	T_cell_regulation
IL2	IL2_366451	103	3	0	7	0	0	30	21	82	2	0	48	0	66	0	10	0	0	0	0	5	3558	interleukin_2	NM_000586	Drug_target
IL4	IL4_380477	1	0	0	7	0	10	0	66	0	0	0	0	32	0	0	0	0	0	0	0	0	3565	interleukin_4	NM_000589	Cytokine_signaling
CD14	CD14_329435	9576	13254	7623	6780	11790	26873	4578	28781	17508	11849	40474	23434	2680	11428	17208	12901	1624	1866	3959	2367	2994	929	CD14_molecule	NM_000591	Dendridic_cell,macrophage
TAP1	TAP1_15701675	18972	14786	22875	11023	37119	21003	3326	70411	5070	34306	37989	12508	9767	17806	11958	9686	3221	4770	5072	4119	11615	6890	transporter_1_ATP-binding_cassette_sub-family_B_MDR_TAP	NM_000593	Type_II_interferon_signaling
TNF	TNF_450555	2230	195	644	672	383	577	29	1131	138	800	1481	262	663	398	160	249	73	29	47	47	106	7124	tumor_necrosis_factor	NM_000594	Checkpoint_pathway
IL6	IL6_521626	263	1706	99	61	485	1134	1080	780	202	260	921	121	22	213	4150	551	161	112	279	61	761	3569	interleukin_6	NM_000600	Cytokine_signaling
HGF	HGF_14151518	348	432	77	77	197	540	885	2989	0	17	81	1190	65	1254	333	429	46	72	126	12	139	3082	hepatocyte_growth_factor	NM_000601	Cytokine_signaling
CD44	CD44_10151123	46	1167	54	220	8045	1	194	290	0	3109	154	74	180	519	619	768	8222	1636	1093	674	2850	960	CD44_molecule_Indian_blood_group	NM_000610	Adhesion,migration
CD4	CD4_147255	6163	2634	1241	1830	2263	4613	932	5674	3084	1821	7600	5082	581	2879	2450	1948	370	378	462	188	921	920	CD4_molecule	NM_000616	Helper_T_cells
IFNG	IFNG_400500	263	167	48	62	70	504	92	0	347	191	16	184	0	105	134	85	30	12	17	0	32	3458	interferon_gamma	NM_000619	Type_II_interferon_signaling
NOS2	NOS2_91195	0	0	0	0	0	0	0	0	0	4	0	0	37	0	0	1102	16	1583	0	41	0	4843	nitric_oxide_synthase_2	NM_000625	Innate_immune_response
BCL2	BCL2_10401144	1876	686	330	608	4711	644	495	2504	1145	309	1000	682	296	594	773	752	792	4207	121	156	349	596	B-cell_CLL_lymphoma_2	NM_000633	Apoptosis
FASLG	FASLG_417521	556	507	190	389	369	1018	116	475	128	442	661	262	15	252	246	299	25	36	28	7	134	356	Fas_ligand	NM_000639	Type_II_interferon_signaling
SELL	SELL_139245	1143	339	87	3326	50	186	60	298	768	570	193	109	99	257	193	857	34	4	29	416	57	6402	selectin_L	NM_000655	Leukocyte_migration
TGFB1	TGFB1_13681474	21874	10667	10318	8066	42059	12211	5438	50968	6488	6804	43520	10506	4025	8805	13303	7945	11244	13835	5250	9499	8675	7040	transforming_growth_factor_beta_1	NM_000660	Checkpoint_pathway
ADORA2A	ADORA2A_771873	505	697	496	568	777	176	61	2148	364	778	1591	542	407	334	247	527	70	425	67	151	181	135	adenosine_A2a_receptor	NM_000675	Checkpoint_pathway
CA4	CA4_420530	43	133	52	697	0	548	433	2304	153	66	0	357	0	1838	95	298	40	15	139	30	0	762	carbonic_anhydrase_4	NM_000717	Neutrophil
CD3D	CD3D_400503	14250	2979	1310	2445	2931	9160	1191	8543	6702	2783	2262	2756	812	7453	2982	3888	862	384	396	88	637	915	CD3d_molecule	NM_000732	TCR_coexpression
CD3E	CD3E_677780	11828	2838	1412	4598	2214	5902	833	4082	3486	3836	3432	3760	652	4666	1490	4549	457	426	448	62	869	916	CD3e_molecule	NM_000733	TCR_coexpression
IGF1R	IGF1R_12291338	6398	6186	3199	1534	48685	4090	3880	33104	2837	7857	6812	7312	2278	16330	15884	4980	21389	19417	13648	4508	6774	3480	insulin_like_growth_factor_1_receptor	NM_000875	Adhesion,migration
IL2RB	IL2RB_9991107	4159	2678	5340	2987	3452	3249	667	5553	2707	4796	10010	2004	832	2070	2457	2404	773	1476	282	112	825	3560	interleukin_2_receptor_subunit_beta	NM_000878	TCR_coexpression
IL7	IL7_545652	2238	428	270	583	664	866	696	1035	756	533	123	1224	315	470	1106	469	133	630	170	113	326	3574	interleukin_7	NM_000880	Cytokine_signaling
IL12A	IL12A_739842	489	364	82	209	239	726	57	2105	0	132	221	319	0	1082	464	395	69	191	397	14	47	3592	interleukin_12A	NM_000882	Drug_target
ITGAX	ITGAX_20482151	3223	2702	1573	19352	1280	3514	602	5197	1216	4159	5649	4941	1442	1306	1517	8789	283	209	492	1299	688	3687	integrin_subunit_alpha_X	NM_000887	Dendridic_cell
ITGB7	ITGB7_24342544	2257	1026	519	1021	775	1514	502	3217	1771	649	1381	632	984	1486	2922	673	739	241	81	179	389	3695	integrin_subunit_beta_7	NM_000889	Leukocyte_migration
POLR2A	POLR2A_42334334	636	2694	1019	13888	7952	468	197	2016	668	8640	4409	4098	9968	672	614	5219	515	4013	2719	22121	1761	5430	polymerase_RNA_II_subunit_A	NM_000937	Housekeeping
PTGS2	PTGS2_14761583	375	1718	22	399	223	1185	3278	2008	185	236	1392	1522	531	90	49214	825	3190	3949	4634	511	710	5743	prostaglandin-endoperoxide_synthase_2	NM_000963	Tumor_marker
GATA3	GATA3_14061514	931	352	238	395	411	316	189	700	289	2268	1503	720	338	288	156	188	75	172	581	20	308	2625	GATA_binding_protein_3	NM_001002295	Helper_T_cells
TARP	TARP_416517	2646	1001	697	3545	441	3402	485	4204	861	726	109	1225	44	1975	852	2939	248	39	178	21	285	445347	TCR_gamma_alternate_reading_frame_protein	NM_001003806	Lymphocyte_infiltrate
RPS6	RPS6_124229	123240	47240	86367	24187	107974	55554	32001	390101	110863	44240	60110	79573	90447	158547	191873	33980	71981	36649	160958	133439	45318	6194	ribosomal_protein_S6	NM_001010	Tumor_marker
MAGEA4	MAGEA4_28131	0	0	0	0	21	0	0	0	0	0	0	0	0	0	0	60	0	158	0	917	0	4103	MAGE_family_member_A4	NM_001011548	Tumor_antigen
AKT1	AKT1_358467	8997	5466	10794	9809	14494	5859	1940	61318	4597	14744	55056	17655	18290	10931	8805	8763	3385	8040	8958	3296	3399	207	AKT_serine_threonine_kinase_1	NM_001014431	Tumor_marker
CD276	CD276_12011310	1346	1949	916	1297	7461	635	141	5229	657	2009	22007	1690	1354	1188	885	934	881	1722	623	1162	724	80381	CD276_molecule	NM_001024736	Checkpoint_pathway
ABCF1	ABCF1_11741283	11922	6058	7067	6388	21908	6712	4166	65475	10210	5633	24988	11942	8811	12192	16561	7951	6371	12440	12535	3960	3526	23	ATP_binding_cassette_subfamily_F_member_1	NM_001025091	Housekeeping
CD74	CD74_787896	9891	9261	4310	9134	3762	14676	9399	28105	11367	6992	28429	20446	1123	8131	8947	3456	1651	494	1602	1862	3815	972	CD74_molecule	NM_001025159	Antigen_processing
IFIT3	IFIT3_72174	1696	2741	165	699	3096	1633	1239	4756	485	431	1500	1045	174	2926	2183	773	300	220	172	98	495	3437	interferon_induced_protein_with_tetratricopeptide_repeats_3	NM_001031683	Type_I_interferon_signaling
CD79B	CD79B_484590	3806	992	208	316	116	819	163	2312	4772	705	1461	169	230	872	667	679	104	52	38	41	158	974	CD79b_molecule	NM_001039933	B_cell_receptor_signaling
CD53	CD53_28133	1281	478	33	31	0	266	134	170	2054	79	121	0	0	385	333	100	16	17	10	2	1	963	CD53_molecule	NM_001040033	Adhesion,migration
GAGE1,GAGE12I,GAGE12F	GAGE1_144260	0	0	0	0	221	0	0	1342	0	8	0	10	0	0	0	0	0	1	0	2	0	2543,26748,100008586	G_antigen_1	NM_001468,NM_001477,NM_001098405	Tumor_antigen
NECTIN2	NECTIN2_13881496	847	710	755	2079	1548	334	318	2870	553	3758	11495	1259	1397	2446	1140	302	534	763	445	509	483	5819	nectin_cell_adhesion_molecule_2	NM_001042724	Adhesion,migration
LCK	LCK_89192	71	36	0	11	15	0	0	0	0	22	3228	0	0	0	0	37	11	19	270	19	0	3932	LCK_proto-oncogene_Src_family_tyrosine_kinase	NM_001042771	TCR_coexpression
TOP2A	TOP2A_27522855	4822	4822	6649	2085	12518	7848	1962	99433	1840	2791	5473	12261	891	3422	8900	2436	18287	10769	6124	1815	5956	7153	topoisomerase_DNA_II_alpha	NM_001067	Proliferation
VCAM1	VCAM1_829933	7819	2326	775	81	5621	2100	1018	13745	4556	363	2806	12278	127	3206	3539	3562	550	702	393	49	3076	7412	vascular_cell_adhesion_molecule_1	NM_001078	Leukocyte_migration
ZAP70	ZAP70_673781	2944	1331	167	2553	497	1286	290	1011	915	862	3285	740	103	745	414	2080	65	112	41	51	279	7535	zeta_chain_of_T_cell_receptor_associated_protein_kinase_70kDa	NM_001079	T_cell_receptor_signaling
LILRB2	LILRB2_891994	249	1496	416	10716	356	325	121	698	167	1686	1916	739	419	212	280	4824	16	100	39	718	150	10288	leukocyte_immunoglobulin_like_receptor_B2	NM_001080978	Lymphocyte_infiltrate
LILRB1	LILRB1_15681666	1414	881	1687	3894	312	1422	127	1053	798	2480	2835	611	604	552	719	2339	53	92	297	328	187	10859	leukocyte_immunoglobulin_like_receptor_B1	NM_001081637	Leukocyte_inhibition
XAGE1B	XAGE1B_469547	26357	36	29983	63650	12	0	14536	24681	439	0	17368	14957	49915	3400	29	290	0	1	0	0	0	653220	X_antigen_family_member_1B	NM_001097594	Tumor_antigen
ENTPD1	ENTPD1_708815	7571	4219	698	1966	5830	2743	1243	23439	1891	1610	4334	5219	948	4530	5569	5417	1544	796	807	478	1540	953	ectonucleoside_triphosphate_diphosphohydrolase_1	NM_001098175	Checkpoint_pathway
GPR18	GPR18_238340	1286	150	103	261	73	431	152	1132	346	129	34	138	0	292	114	339	6	16	11	2	15	2841	G_protein-coupled_receptor_18	NM_001098200	TCR_coexpression
GAGE12J	GAGE12J_144260	8	0	0	0	0	4	0	344	0	3	0	0	0	0	0	0	0	0	0	0	1	729396	G_antigen_12J	NM_001098406	Tumor_antigen
GAGE13	GAGE13_116232	0	0	0	0	0	0	0	25	0	0	0	0	0	0	0	0	0	0	0	1	0	645051	G_antigen_13	NM_001098412	Tumor_antigen
GAGE10	GAGE10_137250	44	15	41	94	6	19	55	130	0	12	11	17	0	0	101	38	0	0	0	3	11	102724473	G_antigen_10	NM_001098413	Tumor_antigen
HLA-F	HLA-F_101204	974	689	150	487	991	898	133	1631	555	598	5007	978	998	870	327	333	76	229	208	150	340	3134	major_histocompatibility_complex_class_I_F	NM_001098479	Antigen_processing
JAML	JAML_78188	1224	197	48	3009	58	404	156	214	581	307	97	464	136	408	148	1375	27	9	48	260	60	120425	junction_adhesion_molecule_like	NM_001098526	Lymphocyte_infiltrate
CCR5	CCR5_85193	3134	1721	315	350	638	3362	757	4395	1444	650	816	2321	118	4113	1972	1005	331	115	192	51	374	1234	C-C_motif_chemokine_receptor_5_gene_pseudogene	NM_001100168	Lymphocyte_infiltrate
LEXM	LEXM_10551156	102	6	0	1114	160	22	0	148	0	378	87	90	46	149	373	525	192	85	99	176	39	163747	lymphocyte_expansion_molecule	NM_001110533	T_cell_differentiation
CCR2	CCR2_385483	2746	686	380	1572	147	3141	523	3051	421	697	400	638	165	2187	1408	1371	154	38	89	68	100	729230	C-C_motif_chemokine_receptor_2	NM_001123396	Helper_T_cells
TFRC	TFRC_10891196	12742	16187	3394	6371	93451	8771	6736	85528	8208	33396	6391	16631	7487	12632	120908	28574	81060	52681	6717	30310	7766	7037	transferrin_receptor	NM_001128148	Housekeeping
EIF2AK2	EIF2AK2_257357	20654	10286	3274	5812	20894	9371	7477	69078	4231	6385	10606	11713	9887	20342	15756	9206	9559	10271	7266	2463	4380	5610	eukaryotic_translation_initiation_factor_2_alpha_kinase_2	NM_001135651	Type_II_interferon_signaling
ALOX15B	ALOX15B_13391445	5144	188	8294	4684	569	366	10219	694	0	251	364	1201	5813	1928	285	314	572	119	220	3325	4	247	arachidonate_15-lipoxygenase_type_B	NM_001141	Macrophage
CMKLR1	CMKLR1_36143	104	66	0	9	16	165	0	5	0	30	0	0	0	79	41	23	0	0	0	0	4	1240	chemerin_chemokine-like_receptor_1	NM_001142345	Dendridic_cell,macrophage
ITGAM	ITGAM_31033209	5099	2313	1018	8080	845	2647	725	3517	1638	1822	4319	7536	815	559	783	3673	399	1491	170	594	521	3684	integrin_subunit_alpha_M	NM_001145808	Leukocyte_migration
CD244	CD244_868973	500	415	161	1164	94	1569	96	1142	791	365	183	616	19	551	542	875	57	9	148	65	91	51744	CD244_molecule	NM_001166663	Checkpoint_pathway
CX3CR1	CX3CR1_58187	8	0	1	72	0	0	30	69	0	15	0	16	0	33	0	18	0	1	9	9	0	1524	C-X3-C_motif_chemokine_receptor_1	NM_001171174	Lymphocyte_infiltrate
VEGFA	VEGFA_17121817	36763	21274	17819	106124	27302	6704	9538	115569	12661	4124	20672	77301	12340	63189	53819	9213	57733	12465	10981	6853	3598	7422	vascular_endothelial_growth_factor_A	NM_001171623	Chemokine_signaling
ZEB1	ZEB1_74175	1330	1493	95	129	1993	1387	423	11990	2147	76	638	2234	40	1427	2628	831	1034	480	154	66	438	6935	zinc_finger_E-box_binding_homeobox_1	NM_001174093	Tumor_marker,stemness
MX1	MX1_232336	34031	17058	1246	11690	35170	13253	6468	12091	7306	20446	27984	6415	10174	24405	7837	6031	2293	1888	2406	1204	4505	4599	MX_dynamin_like_GTPase_1	NM_001178046	Interferon_signaling
CD19	CD19_12011317	1950	1152	0	50	6	288	0	1107	1676	239	738	31	38	503	548	273	16	47	7	38	24	930	CD19_molecule	NM_001178098	B_cell_marker
FCRLA	FCRLA_710815	897	151	12	19	4	100	112	115	159	57	384	0	15	858	7	43	54	22	0	3	1	84824	Fc_receptor_like_A	NM_001184866	B_cell_marker
TNFRSF17	TNFRSF17_254359	600	591	0	3	2	729	189	867	1817	118	101	18	10	1240	829	234	193	24	2	0	2	608	tumor_necrosis_factor_receptor_superfamily_member_17	NM_001192	B_cell_marker
HLA-DQB2	HLA-DQB2_142243	71	59	8	328	221	2	17	4	6	78	171	655	1974	0	0	0	0	0	4	8	25	3120	major_histocompatibility_complex_class_II_DQ_beta_2	NM_001198858	Antigen_processing
PRDM1	PRDM1_484588	5641	3501	1084	921	5734	6347	910	11140	9203	3519	4818	3119	1361	6145	11315	6133	3124	1970	1576	2660	754	639	PR_domain_1	NM_001198	PD-1_signaling
PTPN7	PTPN7_471581	4704	1623	417	845	918	2695	708	2520	1732	911	12075	1582	232	2249	1665	1426	514	167	94	70	332	5778	protein_tyrosine_phosphatase_non-receptor_type_7	NM_001199797	Lymphocyte_infiltrate
CD27	CD27_409517	2227	920	396	194	314	1242	39	963	2208	1560	1599	370	122	1175	741	913	175	141	50	4	65	939	CD27_molecule	NM_001242	Drug_target
CD40	CD40_300407	3482	2367	608	2543	4270	1479	385	1863	1257	3241	6710	2296	825	692	1333	1784	1768	1974	159	426	1141	958	CD40_molecule	NM_001250	Drug_target
CD68	CD68_172280	5233	6592	1456	2991	6220	10811	2378	25870	4989	6175	16386	11935	2888	4179	6016	2296	2511	2011	2415	3063	2834	968	CD68_molecule	NM_001251	Macrophage
CD70	CD70_259363	570	118	224	105	148	277	41	296	0	946	1174	18	0	179	510	71	25	240	6	6	75	970	CD70_molecule	NM_001252	Drug_target
CCR1	CCR1_54149	1352	1490	723	2829	1071	3291	368	1698	541	1852	3962	1527	501	2563	3877	2193	112	27	294	329	239	1230	C-C_motif_chemokine_receptor_1	NM_001295	Cytokine_signaling
CTAG1B	CTAG1B_276373	0	0	0	0	0	0	0	43237	0	0	0	0	0	0	0	0	0	0	0	0	0	1485	cancer_testis_antigen_1B	NM_001327	Tumor_antigen
FYB	FYB_12891393	5941	8785	454	5780	600	5440	1859	7627	2713	993	1336	2724	83	4897	4952	4671	378	384	567	170	1996	2533	FYN_binding_protein	NM_001465	Lymphocyte_infiltrate
GAGE2C,GAGE2A,GAGE2E	GAGE2C_104217	0	0	0	0	2	0	0	2474	0	1	0	0	0	0	0	0	0	0	0	3	0	2574,729447,26749	G_antigen_2C	NM_001472,NM_001127212,NM_001127200	Tumor_antigen
CXCR3	CXCR3_11138	55	14	7	18	1	48	24	161	0	16	17	10	14	3	29	3	7	0	0	0	1	2833	C-X-C_motif_chemokine_receptor_3	NM_001504	Chemokine_signaling
CXCL1	CXCL1_357459	1249	4623	234	2624	3318	3739	1310	13843	2674	579	4758	1933	531	704	36122	15724	1478	18887	1230	4511	562	2919	C-X-C_motif_chemokine_ligand_1	NM_001511	Chemokine_signaling
HIF1A	HIF1A_13371439	18008	14839	3292	6854	15881	7332	7794	121988	8107	3617	8800	19228	1760	12492	45062	9814	36449	10990	6811	2393	6704	3091	hypoxia_inducible_factor_1_alpha_subunit	NM_001530	PD-1_signaling,tumor_marker
IFIT2	IFIT2_124224	14015	5728	304	4883	9459	6598	3662	9958	1930	2529	1523	3428	548	13769	3316	3883	435	576	1188	301	708	3433	interferon_induced_protein_with_tetratricopeptide_repeats_2	NM_001547	Cytokine_signaling
IFIT1	IFIT1_158259	20210	5698	510	4541	15063	8463	4116	10630	2627	2622	5669	4461	1431	22136	1615	2815	184	368	829	151	1003	3434	interferon_induced_protein_with_tetratricopeptide_repeats_1	NM_001548	Type_I_interferon_signaling
CXCR2	CXCR2_379486	234	74	0	2904	63	206	87	466	0	261	33	186	11	163	965	1839	125	273	81	118	29	3579	C-X-C_motif_chemokine_receptor_2	NM_001557	Chemokine_signaling
IL10RA	IL10RA_192296	10052	5266	1896	5847	2074	9868	2329	11676	9564	3111	10484	6428	1659	7727	5566	7950	1122	592	634	673	995	3587	interleukin_10_receptor_subunit_alpha	NM_001558	Lymphocyte_infiltrate
TNFRSF9	TNFRSF9_894998	3098	830	1119	1955	1046	2032	939	3168	242	477	394	590	162	392	1100	525	260	395	103	35	227	3604	tumor_necrosis_factor_receptor_superfamily_member_9	NM_001561	Drug_target
IL18	IL18_140246	5667	3822	481	1262	3635	2321	4381	7998	2933	1286	3559	7773	861	1681	16775	2192	1549	1909	3052	1566	1932	3606	interleukin_18	NM_001562	T_cell_regulation
CXCL10	CXCL10_354459	5912	16909	2169	834	13025	8914	1259	12476	1357	4122	3865	1618	85	8031	3218	3378	559	288	565	234	6584	3627	C-X-C_motif_chemokine_ligand_10	NM_001565	Type_II_interferon_signaling
AIF1	AIF1_385491	3527	3456	291	1466	1089	4108	1459	10555	3651	768	986	5137	221	1816	3868	1789	246	229	347	132	904	199	allograft_inflammatory_factor_1	NM_001623	Macrophage
BCL6	BCL6_21502257	7288	6708	5149	23468	11912	4827	3612	25024	4746	4161	5813	9362	5583	8047	7950	13928	36048	11607	4434	8704	3845	604	B-cell_CLL_lymphoma_6	NM_001706	Type_II_interferon_signaling
CEACAM1	CEACAM1_10471155	2092	278	481	1572	389	126	1295	4743	0	444	559	1700	1002	1101	6026	317	262	292	583	337	193	634	carcinoembryonic_antigen_related_cell_adhesion_molecule_1	NM_001712	Checkpoint_pathway
CXCR5	CXCR5_153252	2499	264	22	24	16	189	0	527	1409	120	266	24	0	210	81	226	18	19	21	6	6	643	C-X-C_motif_chemokine_receptor_5	NM_001716	Type_II_interferon_signaling
CD1C	CD1C_12531357	3355	141	65	249	29	221	1078	3761	1405	62	101	2702	552	859	2508	262	132	45	191	10	164	911	CD1c_molecule	NM_001765	Antigen_presentation
CD1D	CD1D_10661173	260	284	41	220	28	351	33	436	243	87	391	161	1	20	305	181	25	14	28	14	46	912	CD1d_molecule	NM_001766	Antigen_presentation
CD2	CD2_350452	9097	2838	157	507	764	4540	3555	12754	5161	460	276	2805	118	5657	3361	1364	636	199	189	13	647	914	CD2_molecule	NM_001767	Lymphocyte_infiltrate
CD22	CD22_10251132	3890	1263	7	242	49	548	280	2083	4189	143	571	421	132	729	187	719	73	54	49	40	48	933	CD22_molecule	NM_001771	B_cell_marker
CD33	CD33_387493	2260	626	551	1873	406	1010	524	1933	475	555	998	1438	214	792	771	1072	322	31	165	87	194	945	CD33_molecule	NM_001772	Myeloid_marker
CD37	CD37_496605	10893	5180	557	3140	1496	4738	1983	9767	10770	1679	4591	4155	363	3862	2905	2467	621	265	386	270	961	951	CD37_molecule	NM_001774	Lymphocyte_infiltrate
CD38	CD38_519628	1634	2581	438	560	9411	7410	2228	3996	2391	1944	1835	807	138	5873	3499	1943	788	1338	298	111	299	952	CD38_molecule	NM_001775	Adhesion,migration
CD47	CD47_826931	21290	11189	7179	37585	20110	10720	29510	60703	9388	28996	10222	45703	18465	62928	23328	15143	5654	15403	12538	1905	7077	961	CD47_molecule	NM_001777	Adhesion,migration
CD48	CD48_695798	2833	882	725	1203	163	1761	734	4808	4760	1343	524	1517	297	1340	593	1645	142	96	106	104	194	962	CD48_molecule	NM_001778	Checkpoint_pathway
CD63	CD63_692800	75387	39189	17774	38385	79936	45318	39621	195325	74866	39676	59475	69194	39818	82652	84720	28250	15262	24916	34985	16007	23378	967	CD63_molecule	NM_001780	Lymphocyte_infiltrate
CD69	CD69_195303	4908	1489	543	1476	240	3879	3753	2547	1287	967	435	2687	70	2863	11128	3735	342	185	322	48	909	969	CD69_molecule	NM_001781	Checkpoint_pathway
CD79A	CD79A_184290	6580	3930	262	398	38	5820	510	2089	12371	3197	7922	191	341	7266	4887	1476	392	398	48	25	29	973	CD79a_molecule	NM_001783	B_cell_receptor_signaling
CDK1	CDK1_837939	1914	2373	1125	583	5360	2099	896	37989	814	1152	1490	4378	352	1318	17788	605	8861	5298	1913	855	3569	983	cyclin-dependent_kinase_1	NM_001786	Proliferation
CD52	CD52_70175	25688	6153	2979	8354	1976	8245	4688	27966	12476	3939	3408	13373	829	16452	6282	6840	979	497	447	370	1166	1043	CD52_molecule	NM_001803	Lymphocyte_infiltrate
CEACAM8	CEACAM8_745847	309	0	0	95	0	0	0	0	0	3	0	33	0	0	0	19	0	0	0	0	0	1088	carcinoembryonic_antigen_related_cell_adhesion_molecule_8	NM_001816	Myeloid_marker
CCR7	CCR7_133237	7390	1273	139	337	182	708	681	1890	2995	590	584	578	188	2127	245	1179	156	61	63	35	124	1236	C-C_motif_chemokine_receptor_7	NM_001838	TCR_coexpression
FOXO1	FOXO1_9761081	8788	4638	747	640	8548	6887	2827	13963	9417	976	4450	7586	566	6827	5796	3361	6417	5131	6146	1713	5136	2308	forkhead_box_O1	NM_002015	PD-1_signaling,tumor_marker
FUT4	FUT4_31443252	3542	465	1050	1000	1903	720	1254	10895	317	576	1006	1230	761	1931	6236	1347	385	479	1722	242	209	2526	fucosyltransferase_4	NM_002033	Myeloid_marker,stem_cell
GBP1	GBP1_771872	10214	23812	4799	2535	18525	15198	5422	31148	11980	5715	7968	7253	1336	10979	18373	6735	2323	2623	1802	778	6663	2633	guanylate_binding_protein_1	NM_002053	Type_II_interferon_signaling
GZMK	GZMK_178286	1324	560	132	130	91	1386	542	1152	1578	243	78	1049	73	932	574	698	102	52	69	5	159	3003	granzyme_K	NM_002104	Lymphocyte_infiltrate
HLA-A	HLA-A_345445	1	0	1	2	89442	117939	47	55882	585	4	494	6404	108055	51709	4	41946	14203	1015	2476	11	1	3105	major_histocompatibility_complex_class_I_A	NM_002116	Antigen_processing
HLA-C	HLA-C_9191023	26637	3034	680	5683	112530	27906	3798	83140	28981	4604	21041	6545	2014	12126	9315	3258	1325	1970	3629	698	34637	3107	major_histocompatibility_complex_class_I_C	NM_002117	Antigen_processing
HLA-DMB	HLA-DMB_854962	4408	21	1025	1946	4	3778	23	101	9	13	4186	4665	13	1653	1166	1241	2	2	437	424	12	3109	major_histocompatibility_complex_class_II_DM_beta	NM_002118	Antigen_processing
HLA-DOA	HLA-DOA_55163	1616	1466	715	3345	445	2385	1124	3805	1285	587	2765	2052	180	755	1161	859	176	50	190	155	285	3111	major_histocompatibility_complex_class_II_DO_alpha	NM_002119	Antigen_processing
HLA-DOB	HLA-DOB_182290	3948	1124	15	426	222	1009	939	1368	1384	341	582	1198	167	1808	1098	154	1248	30	206	99	504	3112	major_histocompatibility_complex_class_II_DO_beta	NM_002120	Antigen_processing
HLA-DPB1	HLA-DPB1_175280	50801	21473	22672	67746	13561	50014	19467	85391	43647	32017	69306	62320	12175	23810	18393	22783	3829	1207	7409	3992	13076	3115	major_histocompatibility_complex_class_II_DP_beta_1	NM_002121	Antigen_processing
HLA-DQA1	HLA-DQA1_587686	40	5115	2797	984	5172	3553	59	4141	2001	8091	18896	18902	2091	2266	24	94	227	1	169	619	2243	3117	major_histocompatibility_complex_class_II_DQ_alpha_1	NM_002122	Antigen_processing
HLA-DRB1	HLA-DRB1_877982	7	48393	19065	74	45252	42264	63	176159	51429	8361	153408	261022	14401	99163	3	53	13835	5	10714	5520	37849	3123	major_histocompatibility_complex_class_II_DR_beta_1	NM_002124	Antigen_processing
HLA-G	HLA-G_483585	116	93	347	16	0	789	0	132	0	17	11058	12	0	0	39	10	0	1	0	8	0	3135	major_histocompatibility_complex_class_I_G	NM_002127	Antigen_processing
IDO1	IDO1_268369	1478	5747	1236	1528	1704	817	615	1734	963	6167	1189	867	599	2011	2214	2767	157	6026	69	424	1541	3620	indoleamine_23-dioxygenase_1	NM_002164	Drug_target
ID2	ID2_579679	583	1142	99	718	1953	621	1341	22277	311	463	370	3147	121	984	1255	2076	580	1635	433	183	932	3398	inhibitor_of_DNA_binding_2_HLH_protein	NM_002166	T_cell_regulation
ID3	ID3_572678	621	483	14	48	1191	948	360	1092	290	80	671	490	44	557	863	420	423	636	508	110	667	3399	inhibitor_of_DNA_binding_3_HLH_protein	NM_002167	T_cell_regulation
IFNB1	IFNB1_579686	7	17	0	1	7	11	3	218	0	4	12	13	21	9	14	5	0	0	5	2	4	3456	interferon_beta_1	NM_002176	Type_II_interferon_signaling
IL3RA	IL3RA_465565	1757	989	180	435	797	436	352	1518	651	670	391	1117	205	1094	458	1338	277	83	99	149	363	3563	interleukin_3_receptor_subunit_alpha	NM_002183	Dendridic_cell
IL7R	IL7R_551658	9099	3200	120	601	1818	1222	4242	11174	3093	551	592	5150	163	7369	2363	1882	909	619	164	483	579	3575	interleukin_7_receptor	NM_002185	TCR_coexpression
IL12B	IL12B_314422	88	16	0	4	0	22	161	3	0	15	0	0	0	42	0	4	12	16	1	0	27	3593	interleukin_12B	NM_002187	Drug_target
IL13	IL13_268378	14	5	0	3	8	8	0	0	0	12	0	24	0	79	43	8	0	11	3	0	0	3596	interleukin_13	NM_002188	Cytokine_signaling
IL17A	IL17A_233320	0	0	0	0	0	20	0	0	0	10	0	0	0	0	0	251	0	0	0	8	0	3605	interleukin_17A	NM_002190	Helper_T_cells
IRF1	IRF1_752861	6762	7522	6032	11754	11344	5106	1417	15333	3878	8667	17490	4149	4189	4049	5516	8013	1066	2217	1167	1802	3505	3659	interferon_regulatory_factor_1	NM_002198	Type_II_interferon_signaling
ISG20	ISG20_642750	8888	5206	2040	3520	9734	5581	575	4514	4450	6329	10136	1540	1620	6316	7208	3903	2015	1007	977	933	914	3669	interferon_stimulated_exonuclease_gene_20	NM_002201	Type_I_interferon_signaling
ITGAE	ITGAE_33753481	780	679	441	203	1123	492	275	3800	439	533	839	873	169	544	1587	471	1591	840	475	191	623	3682	integrin_subunit_alpha_E	NM_002208	Adhesion,migration
ITGAL	ITGAL_535638	7009	3084	798	6305	816	4583	1217	5071	6349	2816	2911	3817	496	4682	1534	5553	261	181	145	149	622	3683	integrin_subunit_alpha_L	NM_002209	Leukocyte_migration
ITGB1	ITGB1_679777	25061	22931	5327	7242	32720	17790	18056	296275	36119	8055	36581	63737	3233	41629	122651	14325	19522	22515	14271	5238	16030	3688	integrin_subunit_beta_1	NM_002211	Adhesion,migration
KLRB1	KLRB1_177284	2049	481	115	924	189	1050	1862	10257	1616	156	220	1353	0	3707	1630	1036	370	71	82	23	246	3820	killer_cell_lectin_like_receptor_B1	NM_002258	NK_activation
KLRD1	KLRD1_515619	237	689	77	1389	221	921	220	2041	482	536	80	296	17	912	2066	712	52	36	45	10	96	3824	killer_cell_lectin_like_receptor_D1	NM_002262	Drug_target
LAG3	LAG3_13111419	808	1302	1378	475	2077	3702	349	2429	196	2001	3114	659	368	723	520	1154	179	96	92	134	251	3902	lymphocyte_activating_3	NM_002286	Drug_target
LRP1	LRP1_25642670	2153	8827	2406	4484	19622	1913	1664	9976	9258	5530	33863	13128	3803	2146	4553	5961	3306	8229	1626	4081	8712	4035	LDL_receptor_related_protein_1	NM_002332	Housekeeping
LY9	LY9_13751476	303	122	22	33	10	135	99	118	276	30	39	181	0	494	220	51	44	14	0	3	37	4063	lymphocyte_antigen_9	NM_002348	Lymphocyte_infiltrate
SH2D1A	SH2D1A_540642	710	445	19	46	72	690	317	910	1478	68	95	282	4	959	324	178	65	50	14	0	108	4068	SH2_domain_containing_1A	NM_002351	Lymphocyte_activation
M6PR	M6PR_229336	21531	10140	10400	14043	21134	13997	6524	83965	9845	17836	23669	18996	20664	16637	30665	9783	16178	6477	16087	8953	4348	4074	mannose-6-phosphate_receptor_cation_dependent	NM_002355	T_cell_regulation
MAD2L1	MAD2L1_115221	1193	763	669	247	3857	725	740	23916	309	763	1396	1258	183	812	4712	383	5231	2769	1096	536	1342	4085	MAD2_mitotic_arrest_deficient-like_1_yeast	NM_002358	Proliferation
MIF	MIF_157270	10304	14563	12830	6525	61865	9777	1807	112073	8738	14342	85813	13827	6243	5945	60011	3952	36335	20338	14061	14904	14229	4282	macrophage_migration_inhibitory_factor_glycosylation-inhibiting_factor	NM_002415	Innate_immune_response
CXCL9	CXCL9_149250	8013	6887	2559	433	3333	6886	998	8153	5103	6450	1905	2911	46	4569	3189	10867	1232	244	276	170	2832	4283	C-X-C_motif_chemokine_ligand_9	NM_002416	Type_II_interferon_signaling
MKI67	MKI67_581686	2246	3326	486	328	5603	3687	1612	23782	848	446	2060	2965	97	1840	13234	1064	4388	6070	2470	735	4250	4288	marker_of_proliferation_Ki-67	NM_002417	Proliferation
MRC1	MRC1_529634	40756	4467	6595	18738	4512	7636	7733	24335	12207	3806	11685	19607	4001	4003	3197	2004	958	389	2647	630	1051	4360	mannose_receptor_C_type_1	NM_002438	Dendridic_cell,macrophage
IRF4	IRF4_786895	2901	2801	247	136	378	3053	236	2227	2305	916	5443	169	229	2324	2055	1321	189	142	18	7	72	3662	interferon_regulatory_factor_4	NM_002460	Interferon_signaling
MYC	MYC_510619	3104	6038	4688	1638	22432	941	1984	12285	1627	3298	10519	2135	3511	2122	11311	2553	10470	8999	3771	3334	7089	4609	v-myc_avian_myelocytomatosis_viral_oncogene_homolog	NM_002467	Tumor_marker
NT5E	NT5E_12531355	2862	2558	543	2896	3562	723	736	2027	1510	165	17221	2665	277	2203	857	469	148	1116	705	138	530	4907	5-nucleotidase_ecto	NM_002526	Checkpoint_pathway
PGF	PGF_742842	1882	1130	783	19	5824	3016	63	2482	1390	4288	5622	1217	906	518	428	1361	1410	1642	1506	5397	663	5228	placental_growth_factor	NM_002632	Tumor_marker
SRGN	SRGN_230328	27864	19073	3625	16864	4787	27912	11863	34508	16286	7829	16905	25609	2226	16116	115011	15793	3284	2511	2953	1335	3819	5552	serglycin	NM_002727	Lymphocyte_infiltrate
MAPK1	MAPK1_13241425	7939	4358	8179	3571	14759	4573	5966	65732	1702	5455	11040	13174	5067	7756	15345	4352	11013	13651	6075	4006	4215	5594	mitogen-activated_protein_kinase_1	NM_002745	Tumor_marker
PSMB9	PSMB9_384491	9521	6500	7993	7308	17377	13332	2117	24902	6585	10639	15775	7972	3372	5082	5883	5576	1369	1210	1045	1100	4719	5698	proteasome_subunit_beta_9	NM_002800	Type_II_interferon_signaling
PTK7	PTK7_15161625	4738	7864	1547	4611	31598	2731	6000	11997	3565	3467	23959	19377	15770	12190	9181	5258	4858	13214	5167	3453	7571	5754	protein_tyrosine_kinase_7_inactive	NM_002821	Tumor_marker
PTPN11	PTPN11_14261533	8432	5609	2552	2138	10885	5341	4999	106980	9820	2715	2470	8581	732	7854	41848	4207	21430	15039	6725	1489	4064	5781	protein_tyrosine_phosphatase_non-receptor_type_11	NM_002834	PD-1_signaling,tumor_marker
PTPRC	PTPRC_710817	5174	1836	169	8284	152	1886	347	1992	4341	1530	805	760	0	3098	600	4316	106	81	151	33	197	5788	protein_tyrosine_phosphatase_receptor_type_C	NM_002838	Lymphocyte_infiltrate
PYGL	PYGL_586697	3245	5977	6138	5156	4596	2439	1503	6771	5421	4451	7405	15642	1701	4643	1070	5042	2681	2205	5999	1959	7303	5836	phosphorylase_glycogen_liver	NM_002863	Neutrophil
S100A8	S100A8_239334	3306	9345	214	15923	12008	2567	616	3613	1531	74656	1082	2181	213	810	2408	22532	2671	66941	57793	117550	31368	6279	S100_calcium_binding_protein_A8	NM_002964	Myeloid_marker,MDSC
S100A9	S100A9_174280	2340	9670	195	4264	5884	2039	783	6411	2003	36418	1459	8300	78	857	2302	7399	2615	45018	49069	21036	23376	6280	S100_calcium_binding_protein_A9	NM_002965	Myeloid_marker,MDSC
CCL2	CCL2_242346	1001	2715	1013	5091	2166	1225	277	797	231	1204	2700	2346	3329	202	528	6567	26	749	307	1746	1091	6347	C-C_motif_chemokine_ligand_2	NM_002982	Lymphocyte_infiltrate
CCL3	CCL3_238343	762	2121	2133	2042	1951	12639	1692	4524	193	2932	3765	4863	568	1544	1977	1117	151	142	451	1175	1551	6348	C-C_motif_chemokine_ligand_3	NM_002983	Lymphocyte_infiltrate
CCL4	CCL4_121220	1872	3630	2764	2224	2997	10912	3332	6139	1865	6861	5228	3902	422	2647	3877	3042	297	409	551	788	1806	6351	C-C_motif_chemokine_ligand_4	NM_002984	Lymphocyte_infiltrate
CCL5	CCL5_110219	3903	4755	5982	15717	2536	15132	1371	7231	6522	18733	3339	5573	917	5512	4694	13480	601	248	979	583	1086	6352	C-C_motif_chemokine_ligand_5	NM_002985	Lymphocyte_infiltrate
CCL17	CCL17_288394	10209	1140	14	144	36	92	381	372	0	62	543	1574	27	277	29	100	128	75	494	50	23	6361	C-C_motif_chemokine_ligand_17	NM_002987	Chemokine_signaling
CCL18	CCL18_198296	9317	17166	2186	3495	4303	1147	872	23987	1342	7841	18476	5626	2330	3882	3490	2745	368	52	398	676	230	6362	C-C_motif_chemokine_ligand_18	NM_002988	Lymphocyte_infiltrate
CCL21	CCL21_432539	54045	3671	156	28	2553	84	679	5349	6943	317	79184	1856	416	2339	1155	932	509	332	4	4	1617	6366	C-C_motif_chemokine_ligand_21	NM_002989	Lymphocyte_infiltrate
CCL22	CCL22_79185	10871	2352	117	475	698	224	76	357	517	296	2900	897	1049	557	538	197	101	75	332	139	101	6367	C-C_motif_chemokine_ligand_22	NM_002990	Chemokine_signaling
CX3CL1	CX3CL1_190298	1807	1343	1261	5025	3414	549	679	1856	1182	0	6788	1618	1284	1261	755	886	1281	657	1923	1321	256	6376	C-X3-C_motif_chemokine_ligand_1	NM_002996	Type_II_interferon_signaling
SNAI2	SNAI2_722828	1372	4295	223	8	14546	909	246	6280	466	867	5547	3011	90	1239	1200	1547	7404	5383	2994	1889	3577	6591	snail_family_transcriptional_repressor_2	NM_003068	Tumor_marker,stemness
SSX2	SSX2_233349	0	0	0	0	0	0	0	13960	0	0	0	0	0	0	0	0	0	0	0	0	0	6757	SSX_family_member_2	NM_003147	Tumor_antigen
STAT4	STAT4_245352	2827	630	196	1893	367	582	537	1501	389	917	406	925	198	494	1994	840	56	141	92	141	125	6775	signal_transducer_and_activator_of_transcription_4	NM_003151	Helper_T_cells
STAT5A	STAT5A_18501954	4291	1790	1525	1377	1872	1839	660	8567	2765	2324	3458	2317	1192	2071	1472	2363	510	1585	1213	538	1496	6776	signal_transducer_and_activator_of_transcription_5A	NM_003152	Cytokine_signaling
STAT6	STAT6_231339	11697	6056	3254	9089	13817	3429	8668	37320	6277	5702	11617	6282	5597	8642	13981	6499	9474	8733	3853	2868	4252	6778	signal_transducer_and_activator_of_transcription_6	NM_003153	Helper_T_cells
TBP	TBP_259367	1289	937	263	479	2192	827	429	12829	720	711	613	1318	231	816	1061	1007	1564	1495	1110	479	400	6908	TATA-box_binding_protein	NM_003194	Housekeeping
TCF7	TCF7_677799	927	610	56	153	478	264	163	458	550	250	1396	710	107	627	92	393	83	225	43	103	305	6932	transcription_factor_7_T-cell_specific_HMG-box	NM_003202	Tumor_marker
TLR3	TLR3_24932595	709	193	32	167	306	186	1435	2437	348	63	31	701	18	867	1461	62	116	163	401	15	637	7098	toll_like_receptor_3	NM_003265	Dendridic_cell
TNFSF4	TNFSF4_347439	353	196	102	174	394	196	208	2445	0	72	63	576	55	130	733	82	21	24	66	24	182	7292	tumor_necrosis_factor_superfamily_member_4	NM_003326	Checkpoint_pathway
TNFRSF4	TNFRSF4_304389	2212	565	2523	1201	936	374	87	1485	194	700	3564	832	1851	744	377	517	71	96	32	69	166	7293	tumor_necrosis_factor_receptor_superfamily_member_4	NM_003327	Drug_target
CXCR4	CXCR4_100208	12462	7609	1980	3362	2811	8123	7362	29176	7318	2269	6545	10713	732	11019	13990	6218	2144	1394	1104	2513	2282	7852	C-X-C_motif_chemokine_receptor_4	NM_003467	Lymphocyte_infiltrate
IFITM1	IFITM1_359459	59512	36085	35486	33852	79021	43947	9483	52854	37736	98621	124438	40307	55960	49727	39911	34746	7448	21267	28877	8602	12046	8519	interferon_induced_transmembrane_protein_1	NM_003641	Type_I_interferon_signaling
TP63	TP63_143246	386	431	7	548	212	100	42	290	197	10	1307	343	85	24	17	226	131	14090	0	597	1	8626	tumor_protein_p63	NM_003722	Tumor_marker
TNFSF14	TNFSF14_224334	384	180	3	11	16	24	6	687	833	11	55	70	59	56	75	690	42	12	66	31	86	8740	tumor_necrosis_factor_superfamily_member_14	NM_003807	Checkpoint_pathway
TNFSF10	TNFSF10_251357	6482	38341	742	6420	26510	3901	2598	11086	10036	43174	20872	14818	4272	7997	5324	8628	10107	90861	6366	5762	12943	8743	tumor_necrosis_factor_superfamily_member_10	NM_003810	Apoptosis
TNFSF9	TNFSF9_325412	660	188	919	860	1039	318	170	611	448	518	1046	592	2890	96	819	511	488	466	371	380	88	8744	tumor_necrosis_factor_superfamily_member_9	NM_003811	Cytokine_signaling
TNFRSF14	TNFRSF14_846950	5394	2879	2202	4991	4758	3171	2345	25081	4099	4015	7056	6133	2958	3019	4865	3439	1433	2388	1503	726	1769	8764	tumor_necrosis_factor_receptor_superfamily_member_14	NM_003820	Checkpoint_pathway
NRP1	NRP1_14831588	29618	9550	4934	19574	12015	9275	6190	50574	8967	1231	20491	28786	11356	11136	14610	6262	3571	3137	2578	843	6516	8829	neuropilin_1	NM_003873	Dendridic_cell
SKAP2	SKAP2_809912	8800	3054	783	3605	2121	1931	5908	61025	7746	592	937	7005	251	3831	16830	2430	3600	3009	2419	148	3189	8935	src_kinase_associated_phosphoprotein_2	NM_003930	B_cell_marker
FCGR2B	FCGR2B_792903	668	416	169	219	0	349	87	1164	1019	334	820	171	276	32	328	240	77	35	36	72	137	2213	Fc_fragment_of_IgG_receptor_IIb	NM_004001	B_cell_marker
CTSS	CTSS_356460	15528	10204	1712	8012	3683	12225	7059	40898	13170	4608	3145	19668	756	13900	18507	8482	2101	1556	1266	1391	2425	1520	cathepsin_S	NM_004079	Lymphocyte_infiltrate
FCER1G	FCER1G_31138	6576	9940	8376	12464	5581	8827	3577	17608	4582	13304	23092	36254	6598	5406	7369	14259	725	950	1650	2341	2858	2207	Fc_fragment_of_IgE_receptor_Ig	NM_004106	Lymphocyte_infiltrate
GZMB	GZMB_581688	966	1654	423	1808	1073	2509	56	1661	1166	2550	780	262	97	1207	1561	1226	358	166	60	44	247	3002	granzyme_B	NM_004131	Lymphocyte_infiltrate
SDHA	SDHA_16361735	6275	6975	6592	9980	11834	6271	6948	65769	7932	79960	7150	9650	3215	14612	13332	3421	7411	6621	8358	2855	2735	6389	succinate_dehydrogenase_complex_flavoprotein_subunit_A	NM_004168	Housekeeping
TNFRSF18	TNFRSF18_348456	2049	982	507	1337	1404	382	104	1209	189	2563	3742	996	561	318	360	1101	1524	2809	138	353	444	8784	tumor_necrosis_factor_receptor_superfamily_member_18	NM_004195	Drug_target
CD83	CD83_480580	3692	1410	1149	6518	2380	2449	1345	5573	2491	1299	1945	2515	1197	1325	1825	1451	659	752	1003	677	1104	9308	CD83_molecule	NM_004233	Antigen_presentation
CD163	CD163_21422245	9771	5841	4254	5822	4025	34336	2992	24059	8170	5763	17356	7987	1571	10580	7154	3516	1146	526	2701	728	988	9332	CD163_molecule	NM_004244	Macrophage
BST2	BST2_218322	86184	24061	36593	59995	119778	58910	24966	106349	56553	113270	141127	34568	47168	54144	68119	16166	3559	2359	6852	11711	16503	684	bone_marrow_stromal_cell_antigen_2	NM_004335	Type_I_interferon_signaling
BUB1	BUB1_701803	2673	1152	1949	374	3010	1438	1159	61927	922	668	869	1767	215	1376	8564	1682	5118	2159	1837	339	1360	699	BUB1_mitotic_checkpoint_serine_threonine_kinase	NM_004336	Proliferation
CCR6	CCR6_271363	1488	293	0	58	155	112	503	2950	1182	77	88	854	71	1085	371	192	80	6	60	4	77	1235	C-C_motif_chemokine_receptor_6	NM_004367	Chemokine_signaling
EGR3	EGR3_411516	4334	1127	267	96	1016	3501	2088	1834	0	181	1191	704	112	670	2160	2374	954	171	528	550	2941	1960	early_growth_response_3	NM_004430	Tumor_marker
MMP2	MMP2_11051213	8741	52393	12727	303	113448	16456	13193	97161	24686	15974	191380	68107	13625	12068	65225	37603	22705	19207	5611	6205	40694	4313	matrix_metallopeptidase_2	NM_004530	Tumor_marker
CCL20	CCL20_297403	12620	546	37	3346	595	114	275	2951	745	105	316	710	76	1054	32177	765	5669	9425	1079	119	51	6364	C-C_motif_chemokine_ligand_20	NM_004591	Chemokine_signaling
CCNB2	CCNB2_9861095	1750	2552	4909	459	8924	3159	706	54173	2654	1630	3039	2178	0	1348	9937	1365	11865	3539	4999	896	4814	9133	cyclin_B2	NM_004701	Proliferation
GRAP2	GRAP2_283387	3684	1010	272	2381	685	1802	1011	15197	3331	831	996	1454	258	2468	727	4063	215	119	136	186	252	9402	GRB2-related_adaptor_protein_2	NM_004810	TCR_coexpression
NCR1	NCR1_754861	59	43	21	395	27	91	36	95	0	170	0	119	6	120	53	213	7	4	0	8	6	9437	natural_cytotoxicity_triggering_receptor_1	NM_004829	NK_cell_marker
MTOR	MTOR_62366338	3179	2663	775	985	3245	1641	2205	61844	4004	1320	2604	3551	1389	3003	8081	1230	2492	4262	1255	1720	2409	2475	mechanistic_target_of_rapamycin	NM_004958	PD-1_signaling,tumor_marker
MAGEA1	MAGEA1_22129	0	0	0	0	106	0	0	5176	0	20	0	0	0	0	0	14	0	70	0	49	0	4100	MAGE_family_member_A1	NM_004988	Tumor_antigen
MMP9	MMP9_11741283	7563	6948	1089	676	5108	2164	525	8161	3662	2029	5965	15633	351	3477	1130	4021	1707	247	1170	360	454	4318	matrix_metallopeptidase_9	NM_004994	Tumor_marker
PDCD1	PDCD1_143244	801	377	1168	275	295	1120	116	261	396	736	1016	234	324	591	219	334	53	40	73	24	36	5133	programmed_cell_death_1	NM_005018	Drug_target
PIK3CD	PIK3CD_19842095	5065	2086	1063	6369	2437	2903	353	3765	3117	2778	15602	2162	1590	1071	1101	3445	751	1669	742	1564	586	5293	phosphatidylinositol-45-bisphosphate_3-kinase_catalytic_subunit_delta	NM_005026	PD-1_signaling,tumor_marker
PRF1	PRF1_672778	519	723	1276	9067	778	1773	61	677	614	3310	1725	582	317	605	548	2610	147	59	75	68	102	5551	perforin_1	NM_005041	NK_activation
RORC	RORC_12011307	2880	260	210	4184	20	318	612	29059	1138	313	3648	3965	3140	26677	4023	199	127	74	28	490	126	6097	RAR_related_orphan_receptor_C	NM_005060	Helper_T_cells
TNFSF18	TNFSF18_128228	964	150	47	7	95	265	60	1572	0	10	37	151	7	346	261	25	18	111	53	116	39	8995	tumor_necrosis_factor_superfamily_member_18	NM_005092	Checkpoint_pathway
ISG15	ISG15_66173	30084	21511	4355	5042	31976	11149	3041	10258	3323	22017	190819	7870	24193	13647	9519	3883	726	1464	2984	1754	2331	9636	ISG15_ubiquitin-like_modifier	NM_005101	Type_I_interferon_signaling
CD80	CD80_457557	21099	5260	2278	1928	3196	2635	2633	12368	2227	1562	3280	3715	2333	3211	5516	1885	434	113	351	148	336	941	CD80_molecule	NM_005191	Checkpoint_pathway
CDKN3	CDKN3_434534	56	246	305	99	411	67	12	1017	4	251	357	408	94	18	193	136	98	309	132	433	396	1033	cyclin-dependent_kinase_inhibitor_3	NM_005192	Proliferation
CSF1R	CSF1R_19612067	3243	3530	704	1577	1766	5470	1823	8297	8245	1203	6926	8330	856	2071	4915	2273	353	208	793	248	1150	1436	colony_stimulating_factor_1_receptor	NM_005211	Cytokine_signaling
CTLA4	CTLA4_584689	1495	603	30	9	302	242	239	561	171	141	127	242	41	614	585	228	135	23	8	4	140	1493	cytotoxic_T-lymphocyte_associated_protein_4	NM_005214	Drug_target
EFNA4	EFNA4_548649	1662	672	1822	4141	2501	298	478	970	1194	2208	3907	2842	8341	1451	2068	1512	992	1921	652	2575	926	1945	ephrin_A4	NM_005227	Tumor_marker
EGFR	EGFR_31583261	11578	14034	5912	13056	48405	1943	27328	7465	13025	9663	59210	24307	8443	5208	1255	5207	16989	89168	63915	16071	18390	1956	epidermal_growth_factor_receptor	NM_005228	Tumor_marker
MAGEA3	MAGEA3_20121	0	0	0	0	2	0	2	3043	0	0	0	0	0	0	0	0	0	1727	0	620	0	4102,4105	MAGE_family_member_A3	NM_005362,NM_005363	Tumor_antigen
MAGEA12	MAGEA12_30130	3	0	0	0	0	24	14	1708	0	0	15	0	0	0	0	0	0	742	0	426	0	4111	MAGE_family_member_A12	NM_005367	Tumor_antigen
CXCL11	CXCL11_261361	331	8747	495	188	3959	1571	61	375	489	1905	808	475	34	1230	146	3724	25	132	39	91	572	6373	C-X-C_motif_chemokine_ligand_11	NM_005409	Type_II_interferon_signaling
EOMES	EOMES_9391044	1052	484	938	1300	141	1836	93	528	296	715	139	735	0	785	119	1149	127	83	85	36	114	8320	eomesodermin	NM_005442	Checkpoint_pathway
CCR4	CCR4_76182	2008	337	13	21	74	164	441	498	678	80	238	214	117	640	272	364	83	40	4	15	65	1233	C-C_motif_chemokine_receptor_4	NM_005508	Chemokine_signaling
MLANA	MLANA_159265	0	0	0	0	0	0	0	0	0	0	0	0	0	0	0	0	0	0	0	0	0	2315	melan-A	NM_005511	Tumor_antigen
HLA-B	HLA-B_639746	33	167	54	56691	49473	610	328	1871	42496	397	108	21	274	32	238	748	7	8	19	19	96	3106	major_histocompatibility_complex_class_I_B	NM_005514	Antigen_processing
HLA-E	HLA-E_639747	89321	64838	33270	82345	126971	100897	22733	204556	83559	69516	177552	69010	21720	71276	51377	61931	14839	34281	46798	16270	36411	3133	major_histocompatibility_complex_class_I_E	NM_005516	Antigen_processing
IFI27	IFI27_37143	16125	7553	2911	4395	13698	10919	3925	4738	3569	13573	64547	13013	17091	11705	14740	3667	511	1958	4744	1649	4280	3429	interferon_alpha_inducible_protein_27	NM_005532	Type_I_interferon_signaling
IFI35	IFI35_419526	8385	4661	1953	2300	10562	4605	776	9580	2889	4761	19958	4071	2041	4522	9306	2798	1474	1512	2435	665	1362	3430	interferon_induced_protein_35	NM_005533	Interferon_signaling
IRS1	IRS1_37283828	5527	2952	3936	2633	6424	797	3108	20133	3296	432	9849	5750	669	1844	4950	2610	2562	9345	3724	978	1791	3667	insulin_receptor_substrate_1	NM_005544	Tumor_marker
ITK	ITK_563669	5170	1490	175	982	411	1990	772	2142	2288	687	437	1346	96	3359	1250	1165	202	38	68	22	227	3702	IL2_inducible_T-cell_kinase	NM_005546	TCR_coexpression
KRT7	KRT7_440543	37903	19596	956	17560	2235	301	6805	115290	5820	45144	179780	27220	63854	29987	37633	3651	562	153	63785	6744	3230	3855	keratin_7	NM_005556	Tumor_marker
LAMP1	LAMP1_374485	2192	3028	534	1439	4379	2454	1007	15761	1941	7885	6504	5494	515	4413	8636	1662	2288	6176	2714	1817	2490	3916	lysosomal_associated_membrane_protein_1	NM_005561	Lymphocyte_infiltrate
LCN2	LCN2_153259	5088	8542	37	68255	4158	26	3322	36400	221	6168	14347	4270	2008	3563	153693	93749	6832	1944	52660	119767	3182	3934	lipocalin_2	NM_005564	Innate_immune_response
NKG7	NKG7_557664	3287	3167	6168	27958	3015	13253	777	3881	2886	12965	4295	3326	1246	3178	2698	13878	430	231	661	250	620	4818	natural_killer_cell_granule_protein_7	NM_005601	Lymphocyte_infiltrate
TDO2	TDO2_55162	829	1609	35	1	2439	335	103	839	583	31	370	961	63	875	880	970	378	221	11	47	514	6999	tryptophan_23-dioxygenase	NM_005651	Checkpoint_pathway
EBI3	EBI3_527636	499	195	43	71	81	171	41	363	97	29	681	136	99	248	123	37	27	25	69	14	39	10148	Epstein-Barr_virus_induced_3	NM_005755	T_cell_regulation
KLRG1	KLRG1_410518	1077	1204	92	1468	82	1209	444	1860	640	147	152	770	26	1263	409	1701	194	42	45	35	279	10219	killer_cell_lectin_like_receptor_G1	NM_005810	NK_activation
IGSF6	IGSF6_411515	1236	652	161	1021	337	978	213	3596	750	380	428	2499	148	634	750	562	80	102	177	304	229	10261	immunoglobulin_superfamily_member_6	NM_005849	Lymphocyte_infiltrate
SNAI1	SNAI1_138246	873	657	121	263	831	271	179	3721	0	143	4362	310	172	141	901	540	269	223	117	86	419	6615	snail_family_transcriptional_repressor_1	NM_005985	Tumor_marker,stemness
IKZF1	IKZF1_189301	18050	5957	818	4654	1539	8013	2121	7582	11040	2267	3785	6371	912	7846	3476	5942	532	344	495	398	1102	10320	IKAROS_family_zinc_finger_1	NM_006060	Lymphocyte_development
IRF9	IRF9_12191322	19433	12459	13976	21571	40761	14122	4141	38561	5541	12479	35537	17713	24638	12913	7364	15607	2257	6339	6493	5271	6606	10379	interferon_regulatory_factor_9	NM_006084	Type_II_interferon_signaling
HLA-DMA	HLA-DMA_764869	17364	10540	4532	20704	3486	16477	9558	37562	10142	6066	10637	20615	9099	11075	8944	6277	1895	828	1995	1601	4286	3108	major_histocompatibility_complex_class_II_DM_alpha	NM_006120	Antigen_processing
CD28	CD28_601704	3858	954	259	162	414	816	562	2128	1718	272	677	936	50	1492	537	979	141	118	34	65	135	940	CD28_molecule	NM_006139	Checkpoint_pathway
GZMA	GZMA_165265	2669	2895	1028	4297	1501	8343	658	8492	2155	2543	1600	3961	114	3311	4154	3513	331	191	519	68	833	3001	granzyme_A	NM_006144	Lymphocyte_infiltrate
NTN3	NTN3_12821377	28	24	1952	166	494	390	84	1947	0	168	90	144	142	125	24	115	56	182	19	106	173	4917	netrin_3	NM_006181	B_cell_marker
OAS3	OAS3_667776	21388	7808	3865	5198	14938	7681	1318	13164	2430	9244	39254	5188	12278	11331	10005	4784	1235	2536	2647	1069	2632	4940	2-5-oligoadenylate_synthetase_3	NM_006187	Interferon_signaling
PIK3CA	PIK3CA_12781384	2923	2709	435	878	8606	2679	2637	39610	3754	1576	1247	3427	507	5002	3119	1882	14254	5331	1636	2081	2167	5290	phosphatidylinositol-45-bisphosphate_3-kinase_catalytic_subunit_alpha	NM_006218	PD-1_signaling,tumor_marker
POU2AF1	POU2AF1_230337	5143	3927	207	86	898	5904	439	3723	15173	1150	7377	113	332	2948	3971	1459	2279	380	35	80	26	5450	POU_class_2_associating_factor_1	NM_006235	B_cell_marker
BATF	BATF_237345	9770	1972	701	2505	1558	2997	909	4461	2965	1070	6514	5391	1035	2327	7588	2240	284	855	880	467	189	10538	basic_leucine_zipper_ATF-like_transcription_factor	NM_006399	Helper_T_cells
CXCL13	CXCL13_202307	5747	10554	479	154	5867	8599	907	4604	31218	3888	433	5031	4	12767	3129	4176	1591	5826	56	5	400	10563	C-X-C_motif_chemokine_ligand_13	NM_006419	Type_II_interferon_signaling
GNLY	GNLY_251357	4868	9671	770	12388	1763	3455	540	9856	1127	3284	2214	1988	338	2056	6049	8471	443	197	245	41	622	10578	granulysin	NM_006433	NK_activation
IFITM2	IFITM2_316422	10073	7373	10353	22419	14658	8848	1985	18279	10668	8060	27283	22374	14715	4696	11083	10643	1440	1740	5634	1782	3145	10581	interferon_induced_transmembrane_protein_2	NM_006435	Type_I_interferon_signaling
PVR	PVR_9571064	7267	2798	17738	5900	10744	2289	2472	49501	2069	9400	46632	5694	15409	7640	7592	3630	3542	4770	3216	3885	2264	5817	poliovirus_receptor	NM_006505	Checkpoint_pathway
CXCR6	CXCR6_48153	502	422	252	92	462	643	39	978	61	989	691	543	147	1373	200	435	50	125	39	13	54	10663	C-X-C_motif_chemokine_receptor_6	NM_006564	Lymphocyte_infiltrate
CD226	CD226_9021006	2528	788	100	1650	406	1498	892	4269	536	702	292	707	101	1452	681	2044	157	53	110	86	247	10666	CD226_molecule	NM_006566	Adhesion,migration
TNFSF13B	TNFSF13B_774879	2537	2224	185	811	884	1621	1831	9579	1485	552	490	2917	63	2905	2339	1343	325	205	182	67	747	10673	tumor_necrosis_factor_superfamily_member_13b	NM_006573	B_cell_marker
CD6	CD6_17771886	3946	1110	763	1392	456	2033	609	1899	3693	1166	1817	1603	271	2033	423	1179	112	213	274	59	322	923	CD6_molecule	NM_006725	TCR_coexpression
LAPTM5	LAPTM5_555664	33777	17590	15149	29306	7903	37225	13959	88570	15544	28252	31883	55205	5612	26530	29164	25213	4009	1684	11731	2396	6102	7805	lysosomal_protein_transmembrane_5	NM_006762	Lymphocyte_infiltrate
IFI44L	IFI44L_12771376	17732	13077	739	3104	11220	8350	5827	9495	1873	3602	7778	7170	2609	19543	5764	4942	205	405	977	93	2433	10964	interferon_induced_protein_44_like	NM_006820	Interferon_signaling
PMEL	PMEL_233339	94	50	505	437	71	145	229	1434	1	462	112	116	246	313	435	31	190	67	148	199	88	6490	premelanosome_protein	NM_006928	Drug_target
CD160	CD160_194300	50	31	161	309	11	196	0	345	0	44	99	48	0	0	0	272	0	0	9	1	16	11126	CD160_molecule	NM_007053	Checkpoint_pathway
CORO1A	CORO1A_457563	12033	4045	4246	16246	2405	7593	1108	8923	11370	9567	15312	4752	8678	3994	2246	8301	403	451	1107	951	1083	11151	coronin_1A	NM_007074	Lymphocyte_infiltrate
LST1	LST1_22120	4250	381	711	7624	463	1005	198	3787	1816	1481	1504	321	1345	1144	996	1392	20	53	166	120	258	7940	leukocyte_specific_transcript_1	NM_007161	Leukocyte_inhibition
BRCA1	BRCA1_42344338	713	616	220	264	2011	465	144	5653	79	405	831	1782	194	297	1790	858	2136	1188	502	208	766	672	BRCA1_DNA_repair_associated	NM_007300	Tumor_marker
STAT1	STAT1_18871996	32732	35854	14677	8978	53353	37844	9851	87446	14015	22684	42233	17535	6174	34506	37583	9045	8805	8197	5187	3625	18040	6772	signal_transducer_and_activator_of_transcription_1	NM_007315	Type_II_interferon_signaling
DMBT1	DMBT1_64696575	42	3681	472	165	3	139	793	7256	0	2	2524	805	1527	403	2301	30	1070	0	3	595	25	1755	deleted_in_malignant_brain_tumors_1	NM_007329	Innate_immune_response
KLRK1	KLRK1_698804	4467	2012	815	6283	885	6082	1051	7570	3047	1035	295	1751	0	3568	3603	3892	455	162	247	29	816	22914	killer_cell_lectin_like_receptor_K1	NM_007360	NK_activation
ICOS	ICOS_382487	1176	279	25	12	175	236	205	870	88	79	40	216	0	255	319	70	71	46	8	1	97	29851	inducible_T-cell_costimulator	NM_012092	Checkpoint_pathway
TRIM29	TRIM29_882990	284	16772	0	212	122359	0	0	210	0	27452	1953	87	1085	0	484	12438	49321	61378	37594	29723	35998	23650	tripartite_motif_containing_29	NM_012101	Tumor_marker
IKZF3	IKZF3_427534	8979	1380	4031	2563	810	3356	1194	6021	5113	1390	1777	1052	189	3907	884	1778	1279	753	240	53	534	22806	IKAROS_family_zinc_finger_3	NM_012481	TCR_coexpression
TBX21	TBX21_9251036	444	385	279	2319	268	516	138	505	0	827	97	390	16	289	244	1068	18	35	19	12	160	30009	T-box_21	NM_013351	Type_II_interferon_signaling
FOXP3	FOXP3_865975	2988	842	118	106	1117	340	79	1473	601	295	1534	743	164	634	653	432	114	108	28	23	260	50943	forkhead_box_P3	NM_014009	T_cell_regulation
CD274	CD274_461569	2106	1481	4341	988	1469	664	174	1877	0	652	3999	701	796	559	1025	869	5057	86	75	220	283	29126	CD274_molecule	NM_014143	Checkpoint_pathway
KIR2DL1	KIR2DL1_9142	1	2	0	14	0	0	0	0	0	0	2	0	0	0	0	6	0	0	0	0	0	3802	killer_cell_immunoglobulin_like_receptor_two_Ig_domains_and_long_cytoplasmic_tail_1	NM_014218	Drug_target
DDX58	DDX58_540643	13515	4088	830	3650	6348	7546	3833	21289	5580	1829	2311	7249	819	15875	2349	5751	1074	4095	2589	512	1845	23586	DEXD_H-box_helicase_58	NM_014314	Interferon_signaling
TNFAIP8	TNFAIP8_188295	1133	989	161	536	600	1326	292	1463	1315	261	684	1723	128	891	817	509	645	256	131	357	731	25816	TNF_alpha_induced_protein_8	NM_014350	Lymphocyte_infiltrate
LAMP3	LAMP3_12361344	3537	4524	6073	549	4606	915	15642	9397	2030	2272	624	1444	3625	8720	7217	795	405	2983	255	177	989	27074	lysosomal_associated_membrane_protein_3	NM_014398	TCR_coexpression
SIT1	SIT1_148254	1836	343	462	443	272	1217	272	266	2356	790	1012	612	285	976	300	624	95	50	25	20	44	27240	signaling_threshold_regulating_transmembrane_adaptor_1	NM_014450	Lymphocyte_infiltrate
KIAA0101	KIAA0101_319426	643	1365	76	67	1450	628	351	16453	560	112	421	1140	117	619	9271	183	4133	1750	616	211	2344	9768	KIAA0101	NM_014736	Proliferation
MELK	MELK_300401	1525	1018	2713	175	2454	2098	564	25900	1055	1017	1814	3600	434	489	3945	1779	8931	2830	1434	1619	1478	9833	maternal_embryonic_leucine_zipper_kinase	NM_014791	Proliferation
ICOSLG	ICOSLG_483588	2634	1142	1232	2954	4780	2164	835	3111	1695	881	4504	2697	3699	1340	1483	3697	1669	3235	1943	884	529	23308	inducible_T-cell_costimulator_ligand	NM_015259	Checkpoint_pathway
SAMHD1	SAMHD1_19002006	8580	3725	1795	1929	3293	3787	3071	20108	1626	2144	3604	7794	653	4428	3962	4011	1134	1230	735	415	2797	25939	SAM_and_HD_domain_containing_deoxynucleoside_triphosphate_triphosphohydrolase_1	NM_015474	Lymphocyte_infiltrate
KIR2DL3	KIR2DL3_654757	0	27	3	124	41	25	25	70	0	4	83	26	0	0	0	41	0	0	0	2	20	3804	killer_cell_immunoglobulin_like_receptor_two_Ig_domains_and_long_cytoplasmic_tail_3	NM_015868	NK_cell_marker
C1QA	C1QA_67171	21197	10566	12979	14226	10023	44112	4064	29294	20515	21873	68425	17983	6559	9112	11539	7014	1289	1030	4721	1117	1995	712	complement_component_1_q_subcomponent_A_chain	NM_015991	Innate_immune_response
MAGEC2	MAGEC2_249358	0	0	0	0	57	38	49	310	0	0	16	38	0	0	0	0	0	514	0	0	0	51438	MAGE_family_member_C2	NM_016249	Tumor_antigen
IKZF2	IKZF2_537639	3208	557	435	2935	653	433	583	3345	686	853	1853	1611	946	394	525	1828	367	1754	2956	616	476	22807	IKAROS_family_zinc_finger_2	NM_016260	Lymphocyte_development
KLF2	KLF2_9111017	3079	1642	1358	3936	1986	3100	1161	5371	1599	1238	7551	2306	1077	2224	1421	4232	690	596	427	662	3480	10365	Kruppel_like_factor_2	NM_016270	T_cell_regulation,trafficking
KLRF1	KLRF1_188285	136	29	0	606	1	43	86	412	0	41	15	57	0	137	151	288	4	0	4	6	10	51348	killer_cell_lectin_like_receptor_F1	NM_016523	NK_activation
TLR7	TLR7_99206	790	432	18	134	172	972	295	4438	380	93	185	1472	14	494	410	316	17	22	170	18	184	51284	toll_like_receptor_7	NM_016562	Innate_immune_response
IL23A	IL23A_386491	27	37	18	3	54	3	2	35	0	95	256	30	0	0	9	23	23	43	10	30	13	51561	interleukin_23_subunit_alpha	NM_016584	Dendridic_cell,macrophage
OAS1	OAS1_757865	21674	7176	311	2218	11484	5627	1641	16280	711	3410	6801	4020	1042	12204	22992	2890	1944	2740	1545	355	2583	4938	2-5-oligoadenylate_synthetase_1	NM_016816	Type_II_interferon_signaling
OAS2	OAS2_15981707	8763	8263	587	1059	12200	5061	1295	4480	2763	2354	9054	2787	1315	8022	4319	1686	1581	2804	851	205	2735	4939	2-5-oligoadenylate_synthetase_2	NM_016817	Interferon_signaling
TLR9	TLR9_619727	642	393	26	284	185	397	56	624	682	360	676	88	123	419	128	261	26	69	2	33	85	54106	toll_like_receptor_9	NM_017442	Drug_target
HERC6	HERC6_17021806	2421	2467	95	592	4751	1250	1138	3484	851	607	1004	1690	270	2940	921	645	249	385	451	55	690	55008	HECT_and_RLD_domain_containing_E3_ubiquitin_protein_ligase_family_member_6	NM_017912	Dendridic_cell
B3GAT1	B3GAT1_170280	738	98	739	3374	68	3073	162	1038	0	466	1153	1962	10940	86	26	894	6	31	589	16	14	27087	beta-13-glucuronyltransferase_1	NM_018644	NK_activation
HLA-DRA	HLA-DRA_186294	194381	96505	32001	129880	34584	188859	136617	406755	268985	57092	125228	282994	14204	124544	101838	57198	16499	4994	17403	11456	32333	3122	major_histocompatibility_complex_class_II_DR_alpha	NM_019111	Antigen_processing
CRTAM	CRTAM_312417	447	145	78	73	21	656	218	223	0	123	23	198	0	357	242	254	63	16	37	2	23	56253	cytotoxic_and_regulatory_T-cell_molecule	NM_019604	TCR_coexpression
HLA-DQA2	HLA-DQA2_840937	406	38	0	4	322	0	16	0	0	1	74	3	473	0	0	0	0	0	0	0	3	3118	major_histocompatibility_complex_class_II_DQ_alpha_2	NM_020056	Antigen_processing
SLAMF8	SLAMF8_9071016	3400	1801	2149	1106	2251	4331	1205	7579	3115	2716	5046	3925	805	1952	2162	1830	236	191	281	263	501	56833	SLAM_family_member_8	NM_020125	Lymphocyte_infiltrate
IL22	IL22_263349	0	0	0	0	0	0	0	0	0	0	0	0	0	0	0	0	0	0	0	0	0	50616	interleukin_22	NM_020525	T_cell_regulation
NFKBIA	NFKBIA_734840	12259	7395	13272	13935	22536	9641	9204	54878	10743	8456	24816	12399	31090	19365	30450	8604	11694	13230	10959	11411	5236	4792	NFKB_inhibitor_alpha	NM_020529	T_cell_receptor_signaling
MAGEA10	MAGEA10_241320	0	0	0	0	0	4	0	978	0	0	0	0	0	0	0	11	0	311	0	4	0	4109	MAGE_family_member_A10	NM_021048	Tumor_antigen
CD209	CD209_9921101	3352	1170	463	25	612	1071	483	1631	1903	380	1495	731	262	423	899	334	42	432	353	56	276	30835	CD209_molecule	NM_021155	Dendridic_cell,macrophage
SLAMF7	SLAMF7_9161020	4621	4242	1283	839	430	11174	1395	6321	7051	2401	2784	1717	129	7289	5066	3009	804	310	404	200	729	57823	SLAM_family_member_7	NM_021181	Drug_target
IFNA17	IFNA17_691788	0	2	0	0	0	9	0	0	0	0	0	10	0	0	0	0	0	0	0	0	2	3451	interferon_alpha_17	NM_021268	T_cell_receptor_signaling
IL21	IL21_368450	32	39	0	2	0	56	0	0	0	28	9	0	0	21	23	12	2	0	0	1	0	59067	interleukin_21	NM_021803	Cytokine_signaling
AXL	AXL_24872596	1072	513	529	170	2198	1204	339	4886	663	133	6715	976	231	777	1148	285	529	322	556	76	489	558	AXL_receptor_tyrosine_kinase	NM_021913	Innate_immune_response
MS4A1	MS4A1_127232	2761	785	0	38	6	181	268	575	2159	134	154	48	0	509	67	171	6	20	3	12	23	931	membrane_spanning_4-domains_A1	NM_021950	Drug_target
FOXM1	FOXM1_10551166	1320	6036	893	339	6352	1560	411	27438	186	2259	7706	1372	352	524	3185	1640	5816	1676	2010	1426	3869	2305	forkhead_box_M1	NM_021953	Proliferation
C10orf54	C10orf54_562672	5035	2673	3026	23186	3217	2728	619	4836	2515	7780	15567	2903	2145	2111	1566	10773	530	1377	1904	3313	1284	64115	chromosome_10_open_reading_frame_54	NM_022153	Checkpoint_pathway
IFIH1	IFIH1_20172123	2647	2833	72	889	1573	1195	607	8357	563	250	383	1150	84	1757	2209	464	519	542	213	17	556	64135	interferon_induced_with_helicase_C_domain_1	NM_022168	Innate_immune_response
IKZF4	IKZF4_746852	53	23	3	11	10	11	55	691	46	5	18	10	9	20	100	3	20	19	5	3	1	64375	IKAROS_family_zinc_finger_4	NM_022465	Lymphocyte_development
IFI6	IFI6_47156	69680	33250	2939	15390	45014	34447	13184	59265	11937	34154	325918	17618	21603	73534	19068	5002	1426	3211	3195	1416	6670	2537	interferon_alpha_inducible_protein_6	NM_022873	Interferon_signaling
VTCN1	VTCN1_49157	4	109	0	2	82	0	55	0	1	3	17	23	24	2	0	66	114	654	818	55	6	79679	V-set_domain_containing_T_cell_activation_inhibitor_1	NM_024626	Checkpoint_pathway
ZBTB46	ZBTB46_13361440	847	283	345	419	961	342	378	5008	19	802	2948	671	359	560	306	484	70	78	157	75	162	140685	zinc_finger_and_BTB_domain_containing_46	NM_025224	Dendridic_cell
PDCD1LG2	PDCD1LG2_315423	1705	1440	749	782	1039	1712	371	2861	528	1138	3651	1502	29	1183	1003	715	1107	58	54	89	316	80380	programmed_cell_death_1_ligand_2	NM_025239	Checkpoint_pathway
KREMEN1	KREMEN1_12861389	185	1059	413	492	5963	261	359	1685	75	1074	885	1995	276	158	5731	1968	8359	8397	904	1311	3157	83999	kringle_containing_transmembrane_protein_1	NM_032045	Neutrophil
DGAT2	DGAT2_439548	954	182	477	2219	2757	460	776	7526	2344	2080	11839	710	3513	636	2408	723	122	507	856	1098	785	84649	diacylglycerol_O-acyltransferase_2	NM_032564	Neutrophil
HAVCR2	HAVCR2_594705	2004	1878	542	840	738	2879	1031	7600	1181	831	1420	2388	287	1035	3216	744	401	166	322	102	633	84868	hepatitis_A_virus_cellular_receptor_2	NM_032782	Checkpoint_pathway
GZMH	GZMH_233339	613	597	1578	7878	846	3339	150	686	918	3286	1010	1047	45	920	1015	3880	181	21	310	81	120	2999	granzyme_H	NM_033423	Lymphocyte_infiltrate
HLA-DPA1	HLA-DPA1_129237	32778	28618	30812	97969	17201	21	17	92108	47647	16	39383	205387	27	11	35949	31448	3842	2242	4564	7081	14669	3113	major_histocompatibility_complex_class_II_DP_alpha_1	NM_033554	Antigen_processing
GADD45GIP1	GADD45GIP1_329429	22942	8686	39106	16154	36826	15775	4591	49360	13642	25401	46529	12045	22778	7797	21298	10176	14948	9691	31956	41669	5535	90480	GADD45G_interacting_protein_1	NM_052850	Apoptosis
IL17F	IL17F_35139	0	0	0	0	0	0	0	7	0	0	0	0	0	0	0	6	0	0	0	2	0	112744	interleukin_17F	NM_052872	Dendridic_cell,macrophage
LRG1	LRG1_24131	953	293	16	795	157	37	509	1459	402	2132	3008	1250	717	71	2531	406	147	716	1176	455	109	116844	leucine_rich_alpha-2-glycoprotein_1	NM_052972	Neutrophil
SH2D1B	SH2D1B_173275	140	104	44	1549	56	127	22	336	253	384	60	385	0	99	452	692	22	18	32	19	61	117157	SH2_domain_containing_1B	NM_053282	Lymphocyte_activation
TAGAP	TAGAP_10531160	4038	2479	691	4172	442	4067	985	3597	1311	1771	2435	2361	96	2639	3714	3247	461	266	616	209	958	117289	T-cell_activation_RhoGTPase_activating_protein	NM_054114	Lymphocyte_infiltrate
ADGRE5	ADGRE5_26552764	21255	4644	13764	26037	6262	7506	2628	12575	3925	14152	21195	5915	4936	9151	5054	7801	2176	486	4796	4678	1952	976	adhesion_G_protein-coupled_receptor_E5	NM_078481	Adhesion,migration
PTPN6	PTPN6_17741884	15083	5588	2838	12411	7286	7191	3412	34992	15540	7352	5054	7043	2622	7624	8368	7846	5688	2559	6519	1971	1671	5777	protein_tyrosine_phosphatase_non-receptor_type_6	NM_080548	T_cell_receptor_signaling
CLEC4C	CLEC4C_322429	759	494	0	10	44	119	50	45	990	34	58	0	0	615	91	75	0	0	0	4	3	170482	C-type_lectin_domain_family_4_member_C	NM_130441	Dendridic_cell
MADCAM1	MADCAM1_9291024	57	38	0	112	0	63	24	0	0	589	52	8	421	163	30	63	45	15	0	11	0	8174	mucosal_vascular_addressin_cell_adhesion_molecule_1	NM_130760	Adhesion,migration
BCL2L11	BCL2L11_620729	1856	1399	700	1104	2459	956	339	27485	331	2775	2091	1536	1030	1025	3065	2340	2071	3347	1745	1058	1025	10018	BCL2_like_11	NM_138621	Apoptosis
TLR8	TLR8_36137	594	260	50	454	48	367	85	615	0	161	45	469	10	361	181	508	22	16	17	45	65	51311	toll_like_receptor_8	NM_138636	Lymphocyte_infiltrate
MAPK14	MAPK14_14031511	11675	5238	6592	17881	13280	5331	3641	61924	5586	6131	11519	13914	3393	9319	10476	11353	6247	7329	8923	2991	3679	1432	mitogen-activated_protein_kinase_14	NM_139012	Innate_immune_response
STAT3	STAT3_17511856	18181	9926	9231	8367	22290	18183	10404	137427	28805	10907	20303	29050	13818	28716	31770	10987	16071	14646	16245	6265	8028	6774	signal_transducer_and_activator_of_transcription_3	NM_139276	Drug_target
JCHAIN	JCHAIN_134238	15604	18676	103	302	110	18752	13475	47593	49480	892	3336	2302	684	55313	23371	1805	6850	773	99	31	155	3512	joining_chain_of_multimeric_IgA_and_IgM	NM_144646	B_cell_marker
NCR3	NCR3_234342	277	73	16	426	17	57	109	38	0	96	117	226	0	376	76	219	16	0	1	0	6	259197	natural_cytotoxicity_triggering_receptor_3	NM_147130	NK_cell_marker
CBLB	CBLB_296407	2345	3075	139	506	4804	1359	1733	13860	1890	368	1641	1925	218	2206	3149	937	2112	1892	204	435	984	868	Cbl_proto-oncogene_B	NM_170662	T_cell_receptor_signaling
LMNA	LMNA_588696	26552	19279	15431	17566	66942	12107	11296	107322	16661	12962	96461	35007	18517	30958	28345	17121	16348	21892	28644	13898	30393	4000	lamin_A_C	NM_170707	Housekeeping
CD8A	CD8A_14271531	1544	2102	1316	1113	884	8483	870	3679	1644	1900	1063	2360	308	2254	4304	1842	458	208	250	32	619	925	CD8a_molecule	NM_171827	TCR_coexpression
CD8B	CD8B_403510	1058	443	715	811	415	4342	83	677	2912	1636	1032	325	123	544	201	1021	97	456	58	23	120	926	CD8b_molecule	NM_172213	TCR_coexpression
NFATC1	NFATC1_27682875	599	191	138	263	1107	280	102	1012	562	376	224	554	158	825	301	300	395	611	205	200	392	4772	nuclear_factor_of_activated_T-cells_1	NM_172387	PD-1_signaling
TIGIT	TIGIT_383491	3439	1315	860	596	778	1968	286	2418	615	1820	1028	463	164	1539	844	885	105	53	70	18	212	201633	T-cell_immunoreceptor_with_Ig_and_ITIM_domains	NM_173799	TCR_coexpression
CD86	CD86_169267	2143	1793	964	1452	1181	2159	751	3014	491	1687	1493	2767	829	1844	1203	1586	332	240	327	240	365	942	CD86_molecule	NM_175862	Checkpoint_pathway
TUBB	TUBB_369479	11034	10171	9956	3148	38488	9651	4900	115787	7270	11265	64628	21167	5543	7181	37137	3627	18450	20337	10327	18168	15626	203068	tubulin_beta_class_I	NM_178014	Housekeeping
NCAM1	NCAM1_26012709	259	187	75	764	598	4764	15	90360	477	234	132	560	305	70	2868	358	11	2581	784	37	75	4684	neural_cell_adhesion_molecule_1	NM_181351	Adhesion,migration
ITGA1	ITGA1_814914	11744	6785	1028	2599	14923	5153	4577	45287	10020	383	7261	12777	1567	14050	13984	3977	6336	1185	2308	363	3454	3672	integrin_subunit_alpha_1	NM_181501	Adhesion,migration
BTLA	BTLA_227334	2583	547	24	91	72	541	176	350	1316	118	79	288	1	1156	441	253	98	31	5	6	78	151888	B_and_T_lymphocyte_associated	NM_181780	Checkpoint_pathway
BAGE	BAGE_153290	0	0	0	0	0	0	0	1096	0	0	0	0	0	0	0	0	0	140	0	0	0	574	B_melanoma_antigen	NM_182482	Tumor_antigen
IDO2	IDO2_458562	71	72	75	0	22	50	20	61	93	23	0	0	0	188	26	148	0	53	0	0	5	169355	indoleamine_23-dioxygenase_2	NM_194294	Checkpoint_pathway
CD247	CD247_152252	3496	1422	590	4521	575	1510	369	1740	867	1595	1479	1320	184	1248	926	2583	93	93	55	97	241	919	CD247_molecule	NM_198053	TCR_coexpression
TYROBP	TYROBP_350455	36035	13105	25471	37863	8478	48600	15603	125245	18842	19896	34805	53279	13195	27187	26165	22183	2411	1411	7696	2934	4880	7305	TYRO_protein_tyrosine_kinase_binding_protein	NM_198125	Lymphocyte_infiltrate
HLA-F-AS1	HLA-F-AS1_726834	669	47	16	42	29	109	0	538	0	9	6	114	17	0	63	37	48	6	30	11	5	285830	HLA-F_antisense_RNA_1	NR_026972	Antigen_processing
